{"cameraMode":{"drawMode":0,"name":"Shaded","section":"Shading Mode"},"sceneLighting":false,"audioPlay":false,"sceneViewState":{"showFog":true,"showMaterialUpdate":true,"showSkybox":true,"showFlares":true,"showImageEffects":true,"showParticleSystems":true},"in2DMode":false,"pivot":{"x":98.49435424804688,"y":24.957836151123048,"z":19.234642028808595},"rotation":{"x":-0.30867472290992739,"y":0.24779753386974336,"z":-0.08510418981313706,"w":-0.9147630929946899},"size":12.461819648742676,"orthographic":false}